species,mean_body_mass,min_body_mass,max_body_mass,sd_body_mass,Number_of_penguins
Gentoo,4679.741379310345,3950,5200,281.57829364263097,58
Chinstrap,3527.205882352941,2700,4150,285.333911718307,34
Adelie,3392.8571428571427,3200,3700,190.23794624226838,7
